{
  "root_hash": "ac48224cc4cb4f5f352dcf289ec5a26822d55b64cef85250ef639de56d007104",
  "leaves": [
    {
      "id": "L1",
      "label": "weight_rebalancing_table",
      "hash": "eb619e4c58322afeba15a57fff13d13d8f0a3b167b4bc6d29b31839ef93e7124"
    },
    {
      "id": "L2",
      "label": "research_alignment_analysis",
      "hash": "ae576616a837f16f9176ef3b08ccf4470a45b86b9b5e8a3a136704c0e0bfbad0"
    },
    {
      "id": "L3",
      "label": "echo_specific_implications",
      "hash": "7ce72289a98ad51ea3960ac33657cb4520c8fccefd59294a77acbf1f5ef186ca"
    },
    {
      "id": "L4",
      "label": "stability_ethical_rationale",
      "hash": "e79d50146465423e923828eec2cb216c6f29688511c4534cfbc3551ace769d17"
    }
  ],
  "signers": [
    "primary_quorum",
    "shadow_quorum"
  ],
  "seeds": [
    "deterministic-seed-1"
  ],
  "purpose_vector_digest": "960b5e9d7086f12dbb7f4b692b33695c525b1dbe43ab7358d2f59d7c42848d54",
  "timestamp": "2025-10-18T19:47:30.713734Z"
}