{
  "$schema": "http://json-schema.org/draft-07/schema#",
  "title": "Echo Audit Record Delta v0.1 (light)",
  "type": "object",
  "required": [
    "step",
    "h_in",
    "h_out",
    "R",
    "R_star",
    "channel_contract_hash"
  ],
  "properties": {
    "step": {
      "type": "object",
      "properties": {
        "t": {
          "type": "integer"
        },
        "op_family_id": {
          "type": "string"
        },
        "op_id": {
          "type": "string"
        },
        "inverse_id": {
          "type": "string"
        }
      }
    },
    "h_in": {
      "type": "string"
    },
    "params": {
      "type": "object"
    },
    "h_out": {
      "type": "string"
    },
    "reversible": {
      "type": "boolean"
    },
    "R": {
      "type": "number"
    },
    "R_star": {
      "type": "number"
    },
    "pri_probe": {
      "type": "object"
    },
    "discard": {
      "type": "object"
    },
    "channel_contract_hash": {
      "type": "string"
    },
    "landauer_bits_erased": {
      "type": "number"
    },
    "thermodynamics": {
      "type": "object"
    },
    "commitments": {
      "type": "object"
    }
  }
}