{
  "$schema": "http://json-schema.org/draft-07/schema#",
  "title": "Channel Contract v0.1 (light)",
  "type": "object",
  "required": [
    "contract_id",
    "from_agent",
    "to_agent",
    "codec"
  ],
  "properties": {
    "contract_id": {
      "type": "string"
    },
    "from_agent": {
      "type": "string"
    },
    "to_agent": {
      "type": "string"
    },
    "codec": {
      "type": "string"
    },
    "quantization": {
      "type": "string"
    },
    "privacy_filter": {
      "type": "string"
    },
    "compression": {
      "type": "string"
    },
    "schema_versions": {
      "type": "object"
    },
    "max_silent_loss": {
      "type": "number"
    }
  }
}