{
  "$schema": "http://json-schema.org/draft-07/schema#",
  "title": "Echo Ops Registry v0.1 schema (light)",
  "type": "object",
  "required": [
    "registry_version",
    "op_families",
    "policies"
  ],
  "properties": {
    "registry_version": {
      "type": "string"
    },
    "updated_at": {
      "type": "string",
      "format": "date-time"
    },
    "op_families": {
      "type": "array",
      "items": {
        "type": "object"
      }
    },
    "policies": {
      "type": "object"
    }
  }
}